logs_list.ip,logs_list.userid,logs_list.reqdatetime,logs_list.pagereq,logs_list.pagename,logs_list.url,logs_list.statuscode,logs_list.datasize,logs_list.page_id,logs_list.description
3.94.78.5,69827,15/Sep/2013:23:58:36+0100,GET,KBDOC-00033.html,HTTP/1.0,200,14417,KBDOC-00033,iFruit 3 - Back up files
19.38.140.62,21475,15/Sep/2013:23:58:34+0100,GET,KBDOC-00277.html,HTTP/1.0,200,15517,KBDOC-00277,Ronin S1 - Change the phone ringtone and notification sound
129.133.56.105,2489,15/Sep/2013:23:58:34+0100,GET,KBDOC-00033.html,HTTP/1.0,200,10590,KBDOC-00033,iFruit 3 - Back up files
209.151.12.34,45922,15/Sep/2013:23:55:09+0100,GET,KBDOC-00259.html,HTTP/1.0,200,19362,KBDOC-00259,Sorrento F11L - Change the phone ringtone and notification sound
184.97.84.245,144,15/Sep/2013:23:54:55+0100,GET,KBDOC-00052.html,HTTP/1.0,200,12499,KBDOC-00052,Titanic 1000 - reboot
233.60.251.2,33908,15/Sep/2013:23:51:43+0100,GET,KBDOC-00292.html,HTTP/1.0,200,4779,KBDOC-00292,Ronin S2 - rebooting
160.134.139.204,51340,15/Sep/2013:23:50:11+0100,GET,KBDOC-00016.html,HTTP/1.0,200,1156,KBDOC-00016,MeeToo 3.0 - rebooting
19.209.18.222,13392,15/Sep/2013:23:48:48+0100,GET,KBDOC-00083.html,HTTP/1.0,200,4398,KBDOC-00083,Titanic 2200 - Battery Life
230.220.223.28,12643,15/Sep/2013:23:48:42+0100,GET,KBDOC-00135.html,HTTP/1.0,200,1063,KBDOC-00135,Sorrento F20L - Back up files
129.253.238.61,120,15/Sep/2013:23:48:35+0100,GET,KBDOC-00053.html,HTTP/1.0,200,7108,KBDOC-00053,Titanic 1000 - Battery Life
119.182.134.196,46,15/Sep/2013:23:47:43+0100,GET,KBDOC-00186.html,HTTP/1.0,200,10799,KBDOC-00186,MeeToo 4.1 - overheat
118.38.214.28,45,15/Sep/2013:23:47:07+0100,GET,KBDOC-00028.html,HTTP/1.0,200,713,KBDOC-00028,iFruit 1 - rebooting
206.97.149.242,37531,15/Sep/2013:23:43:35+0100,GET,KBDOC-00231.html,HTTP/1.0,200,18392,KBDOC-00231,Sorrento F33L - Back up files
143.41.104.110,65379,15/Sep/2013:23:43:15+0100,GET,KBDOC-00006.html,HTTP/1.0,200,15085,KBDOC-00006,Sorrento F00L - overheats
198.195.16.140,23577,15/Sep/2013:23:38:54+0100,GET,KBDOC-00195.html,HTTP/1.0,200,15574,KBDOC-00195,MeeToo 2.0 - Back up files
93.209.179.64,122,15/Sep/2013:23:37:59+0100,GET,KBDOC-00018.html,HTTP/1.0,200,10446,KBDOC-00018,MeeToo 3.0 - overheat
50.154.202.127,120,15/Sep/2013:23:36:09+0100,GET,KBDOC-00183.html,HTTP/1.0,200,12124,KBDOC-00183,MeeToo 4.1 - Back up files
126.56.30.140,65372,15/Sep/2013:23:34:34+0100,GET,KBDOC-00077.html,HTTP/1.0,200,19855,KBDOC-00077,Sorrento F23L - Battery Life
130.2.36.64,63,15/Sep/2013:23:33:08+0100,GET,KBDOC-00195.html,HTTP/1.0,200,16963,KBDOC-00195,MeeToo 2.0 - Back up files
190.127.207.89,5080,15/Sep/2013:23:29:11+0100,GET,KBDOC-00005.html,HTTP/1.0,200,16568,KBDOC-00005,Sorrento F00L - Battery Life
201.144.125.182,197,15/Sep/2013:23:26:56+0100,GET,KBDOC-00113.html,HTTP/1.0,200,13724,KBDOC-00113,Ronin Novelty Note 4 - Battery Life
85.151.118.58,184,15/Sep/2013:23:25:54+0100,GET,KBDOC-00057.html,HTTP/1.0,200,4590,KBDOC-00057,MeeToo 1.0 - Back up files
56.2.93.164,5601,15/Sep/2013:23:25:03+0100,GET,KBDOC-00261.html,HTTP/1.0,200,3677,KBDOC-00261,Sorrento F11L - Back up files
206.205.155.227,4064,15/Sep/2013:23:24:10+0100,GET,KBDOC-00159.html,HTTP/1.0,200,407,KBDOC-00159,Sorrento F10L - Back up files
117.12.150.183,86709,15/Sep/2013:23:18:57+0100,GET,KBDOC-00215.html,HTTP/1.0,200,16465,KBDOC-00215,MeeToo 5.1 - Battery Life
194.100.191.30,174,15/Sep/2013:23:18:07+0100,GET,KBDOC-00063.html,HTTP/1.0,200,5320,KBDOC-00063,Sorrento F21L - Back up files
87.230.20.33,158,15/Sep/2013:23:17:46+0100,GET,KBDOC-00083.html,HTTP/1.0,200,3325,KBDOC-00083,Titanic 2200 - Battery Life
235.235.222.168,195,15/Sep/2013:23:17:19+0100,GET,KBDOC-00051.html,HTTP/1.0,200,9939,KBDOC-00051,Titanic 1000 - Back up files
6.28.47.115,5141,15/Sep/2013:23:17:05+0100,GET,KBDOC-00097.html,HTTP/1.0,200,15765,KBDOC-00097,Ronin Novelty Note 3 - Change the phone ringtone and notification sound
20.24.227.193,57173,15/Sep/2013:23:16:15+0100,GET,KBDOC-00095.html,HTTP/1.0,200,11625,KBDOC-00095,Titanic 2500 - Battery Life
182.71.74.6,65241,15/Sep/2013:23:15:08+0100,GET,KBDOC-00267.html,HTTP/1.0,200,7050,KBDOC-00267,Titanic 2400 - Back up files
165.98.110.144,22513,15/Sep/2013:23:13:15+0100,GET,KBDOC-00124.html,HTTP/1.0,200,5821,KBDOC-00124,Titanic 2300 - reboots
101.118.177.248,12203,15/Sep/2013:23:12:50+0100,GET,KBDOC-00054.html,HTTP/1.0,200,6787,KBDOC-00054,Titanic 1000 - overheating
131.48.125.4,32312,15/Sep/2013:23:12:20+0100,GET,KBDOC-00222.html,HTTP/1.0,200,18601,KBDOC-00222,Titanic 3000 - overheat
185.137.13.249,63335,15/Sep/2013:23:11:02+0100,GET,KBDOC-00074.html,HTTP/1.0,200,7591,KBDOC-00074,Sorrento F23L - Transfer Contacts
222.225.254.74,81,15/Sep/2013:23:09:53+0100,GET,KBDOC-00197.html,HTTP/1.0,200,2078,KBDOC-00197,MeeToo 2.0 - Battery Life
214.171.1.4,9,15/Sep/2013:23:09:31+0100,GET,KBDOC-00101.html,HTTP/1.0,200,18159,KBDOC-00101,Ronin Novelty Note 3 - Battery Life
231.227.90.148,24476,15/Sep/2013:23:09:27+0100,GET,KBDOC-00002.html,HTTP/1.0,200,18059,KBDOC-00002,Sorrento F00L - Transfer Contacts
135.122.102.105,61,15/Sep/2013:23:06:29+0100,GET,KBDOC-00051.html,HTTP/1.0,200,7400,KBDOC-00051,Titanic 1000 - Back up files
133.239.121.2,64195,15/Sep/2013:23:05:03+0100,GET,KBDOC-00148.html,HTTP/1.0,200,1302,KBDOC-00148,Sorrento F22L - reboot
57.3.163.130,16698,15/Sep/2013:23:04:16+0100,GET,KBDOC-00029.html,HTTP/1.0,200,18426,KBDOC-00029,iFruit 1 - Battery Life
139.115.114.126,38116,15/Sep/2013:23:02:09+0100,GET,KBDOC-00169.html,HTTP/1.0,200,1484,KBDOC-00169,Sorrento F41L - Change the phone ringtone and notification sound
205.18.207.121,46890,15/Sep/2013:22:59:44+0100,GET,KBDOC-00157.html,HTTP/1.0,200,9374,KBDOC-00157,Sorrento F10L - Change the phone ringtone and notification sound
46.73.84.184,1646,15/Sep/2013:22:55:59+0100,GET,KBDOC-00055.html,HTTP/1.0,200,1400,KBDOC-00055,MeeToo 1.0 - Change the phone ringtone and notification sound
120.41.122.183,41338,15/Sep/2013:22:53:44+0100,GET,KBDOC-00089.html,HTTP/1.0,200,19021,KBDOC-00089,Ronin Novelty Note 1 - Battery Life
109.200.25.210,49668,15/Sep/2013:22:52:40+0100,GET,KBDOC-00015.html,HTTP/1.0,200,15862,KBDOC-00015,MeeToo 3.0 - Back up files
207.196.238.216,91647,15/Sep/2013:22:52:34+0100,GET,KBDOC-00054.html,HTTP/1.0,200,14341,KBDOC-00054,Titanic 1000 - overheating
97.254.38.114,59185,15/Sep/2013:22:52:23+0100,GET,KBDOC-00030.html,HTTP/1.0,200,13024,KBDOC-00030,iFruit 1 - overheat
15.222.253.68,27605,15/Sep/2013:22:52:16+0100,GET,KBDOC-00193.html,HTTP/1.0,200,19126,KBDOC-00193,MeeToo 2.0 - Change the phone ringtone and notification sound
240.203.77.86,51,15/Sep/2013:22:51:33+0100,GET,KBDOC-00027.html,HTTP/1.0,200,15731,KBDOC-00027,iFruit 1 - Back up files
197.65.10.131,28438,15/Sep/2013:22:51:32+0100,GET,KBDOC-00136.html,HTTP/1.0,200,5324,KBDOC-00136,Sorrento F20L - rebooting
97.204.48.95,6525,15/Sep/2013:22:51:19+0100,GET,KBDOC-00162.html,HTTP/1.0,200,15066,KBDOC-00162,Sorrento F10L - overheat
79.174.76.230,51774,15/Sep/2013:22:50:41+0100,GET,KBDOC-00057.html,HTTP/1.0,200,4661,KBDOC-00057,MeeToo 1.0 - Back up files
28.190.199.182,3,15/Sep/2013:22:48:49+0100,GET,KBDOC-00199.html,HTTP/1.0,200,6858,KBDOC-00199,Titanic 2000 - Change the phone ringtone and notification sound
5.194.240.82,68981,15/Sep/2013:22:45:29+0100,GET,KBDOC-00188.html,HTTP/1.0,200,4579,KBDOC-00188,MeeToo 4.0 - Transfer Contacts
196.155.80.199,61,15/Sep/2013:22:44:41+0100,GET,KBDOC-00254.html,HTTP/1.0,200,5428,KBDOC-00254,Sorrento F01L - Transfer Contacts
7.14.217.97,12552,15/Sep/2013:22:44:00+0100,GET,KBDOC-00017.html,HTTP/1.0,200,13657,KBDOC-00017,MeeToo 3.0 - Battery Life
230.43.140.19,2104,15/Sep/2013:22:41:41+0100,GET,KBDOC-00154.html,HTTP/1.0,200,5567,KBDOC-00154,Sorrento F30L - reboot
70.212.163.121,20129,15/Sep/2013:22:40:56+0100,GET,KBDOC-00086.html,HTTP/1.0,200,14519,KBDOC-00086,Ronin Novelty Note 1 - Transfer Contacts
233.133.82.230,65750,15/Sep/2013:22:40:31+0100,GET,KBDOC-00193.html,HTTP/1.0,200,13656,KBDOC-00193,MeeToo 2.0 - Change the phone ringtone and notification sound
47.167.58.42,14,15/Sep/2013:22:40:10+0100,GET,KBDOC-00286.html,HTTP/1.0,200,1991,KBDOC-00286,Ronin S3 - reboots
161.118.38.9,796,15/Sep/2013:22:37:25+0100,GET,KBDOC-00227.html,HTTP/1.0,200,12523,KBDOC-00227,Titanic 1100 - Battery Life
214.242.57.50,177,15/Sep/2013:22:37:22+0100,GET,KBDOC-00171.html,HTTP/1.0,200,5759,KBDOC-00171,Sorrento F41L - Back up files
2.254.220.237,14325,15/Sep/2013:22:36:40+0100,GET,KBDOC-00261.html,HTTP/1.0,200,5007,KBDOC-00261,Sorrento F11L - Back up files
15.219.250.86,36,15/Sep/2013:22:35:34+0100,GET,KBDOC-00083.html,HTTP/1.0,200,961,KBDOC-00083,Titanic 2200 - Battery Life
71.234.62.64,64,15/Sep/2013:22:35:02+0100,GET,KBDOC-00165.html,HTTP/1.0,200,5030,KBDOC-00165,Titanic 4000 - Back up files
244.143.62.240,201,15/Sep/2013:22:34:16+0100,GET,KBDOC-00099.html,HTTP/1.0,200,6556,KBDOC-00099,Ronin Novelty Note 3 - Back up files
82.173.157.61,118,15/Sep/2013:22:30:25+0100,GET,KBDOC-00251.html,HTTP/1.0,200,4578,KBDOC-00251,Sorrento F40L - Battery Life
197.156.191.222,66,15/Sep/2013:22:27:42+0100,GET,KBDOC-00135.html,HTTP/1.0,200,17377,KBDOC-00135,Sorrento F20L - Back up files
240.193.143.197,63239,15/Sep/2013:22:27:25+0100,GET,KBDOC-00039.html,HTTP/1.0,200,11058,KBDOC-00039,iFruit 2 - Back up files
185.111.139.186,92,15/Sep/2013:22:25:50+0100,GET,KBDOC-00105.html,HTTP/1.0,200,11940,KBDOC-00105,Ronin Novelty Note 2 - Back up files
115.168.204.124,118,15/Sep/2013:22:22:57+0100,GET,KBDOC-00140.html,HTTP/1.0,200,13742,KBDOC-00140,Sorrento F32L - Transfer Contacts
195.177.26.216,9309,15/Sep/2013:22:22:03+0100,GET,KBDOC-00084.html,HTTP/1.0,200,4537,KBDOC-00084,Titanic 2200 - overheating
133.126.207.246,49481,15/Sep/2013:22:20:41+0100,GET,KBDOC-00002.html,HTTP/1.0,200,3018,KBDOC-00002,Sorrento F00L - Transfer Contacts
207.95.70.175,94,15/Sep/2013:22:19:03+0100,GET,KBDOC-00205.html,HTTP/1.0,200,9752,KBDOC-00205,MeeToo 5.0 - Change the phone ringtone and notification sound
151.243.175.69,65473,15/Sep/2013:22:17:45+0100,GET,KBDOC-00291.html,HTTP/1.0,200,14508,KBDOC-00291,Ronin S2 - Back up files
201.243.150.108,7762,15/Sep/2013:22:16:31+0100,GET,KBDOC-00113.html,HTTP/1.0,200,15401,KBDOC-00113,Ronin Novelty Note 4 - Battery Life
209.15.199.169,189,15/Sep/2013:22:16:07+0100,GET,KBDOC-00189.html,HTTP/1.0,200,6708,KBDOC-00189,MeeToo 4.0 - Back up files
21.246.21.37,83,15/Sep/2013:22:15:56+0100,GET,KBDOC-00124.html,HTTP/1.0,200,5559,KBDOC-00124,Titanic 2300 - reboots
9.153.174.73,111,15/Sep/2013:22:14:29+0100,GET,KBDOC-00079.html,HTTP/1.0,200,1473,KBDOC-00079,Titanic 2200 - Change the phone ringtone and notification sound
154.91.230.75,45650,15/Sep/2013:22:14:10+0100,GET,KBDOC-00232.html,HTTP/1.0,200,15872,KBDOC-00232,Sorrento F33L - reboot
92.164.72.41,9690,15/Sep/2013:22:13:34+0100,GET,KBDOC-00060.html,HTTP/1.0,200,6815,KBDOC-00060,MeeToo 1.0 - overheating
232.68.156.118,56224,15/Sep/2013:22:13:31+0100,GET,KBDOC-00127.html,HTTP/1.0,200,17478,KBDOC-00127,Sorrento F24L - Change the phone ringtone and notification sound
104.219.117.189,72,15/Sep/2013:22:12:44+0100,GET,KBDOC-00135.html,HTTP/1.0,200,5044,KBDOC-00135,Sorrento F20L - Back up files
76.108.253.39,1189,15/Sep/2013:22:12:41+0100,GET,KBDOC-00057.html,HTTP/1.0,200,19984,KBDOC-00057,MeeToo 1.0 - Back up files
87.235.216.102,28574,15/Sep/2013:22:10:31+0100,GET,KBDOC-00097.html,HTTP/1.0,200,17028,KBDOC-00097,Ronin Novelty Note 3 - Change the phone ringtone and notification sound
17.178.111.248,166,15/Sep/2013:22:09:47+0100,GET,KBDOC-00127.html,HTTP/1.0,200,745,KBDOC-00127,Sorrento F24L - Change the phone ringtone and notification sound
90.228.28.142,127,15/Sep/2013:22:09:08+0100,GET,KBDOC-00146.html,HTTP/1.0,200,16251,KBDOC-00146,Sorrento F22L - Transfer Contacts
224.213.70.224,35,15/Sep/2013:22:07:51+0100,GET,KBDOC-00054.html,HTTP/1.0,200,10120,KBDOC-00054,Titanic 1000 - overheating
48.182.89.149,192,15/Sep/2013:22:07:50+0100,GET,KBDOC-00017.html,HTTP/1.0,200,19139,KBDOC-00017,MeeToo 3.0 - Battery Life
100.249.249.195,59751,15/Sep/2013:22:06:44+0100,GET,KBDOC-00054.html,HTTP/1.0,200,18875,KBDOC-00054,Titanic 1000 - overheating
203.54.14.2,25773,15/Sep/2013:22:06:10+0100,GET,KBDOC-00050.html,HTTP/1.0,200,6561,KBDOC-00050,Titanic 1000 - Transfer Contacts
158.138.95.25,8,15/Sep/2013:22:03:45+0100,GET,KBDOC-00232.html,HTTP/1.0,200,737,KBDOC-00232,Sorrento F33L - reboot
186.1.93.242,58759,15/Sep/2013:22:03:01+0100,GET,KBDOC-00259.html,HTTP/1.0,200,7637,KBDOC-00259,Sorrento F11L - Change the phone ringtone and notification sound
177.40.40.244,3641,15/Sep/2013:22:02:05+0100,GET,KBDOC-00084.html,HTTP/1.0,200,13110,KBDOC-00084,Titanic 2200 - overheating
76.155.8.232,54625,15/Sep/2013:21:59:58+0100,GET,KBDOC-00198.html,HTTP/1.0,200,2043,KBDOC-00198,MeeToo 2.0 - overheat
215.68.46.98,135,15/Sep/2013:21:58:03+0100,GET,KBDOC-00252.html,HTTP/1.0,200,19213,KBDOC-00252,Sorrento F40L - overheat
1.204.188.59,66875,15/Sep/2013:21:56:14+0100,GET,KBDOC-00273.html,HTTP/1.0,200,2975,KBDOC-00273,Ronin S4 - Back up files
1.240.147.175,17520,15/Sep/2013:21:54:40+0100,GET,KBDOC-00010.html,HTTP/1.0,200,4882,KBDOC-00010,Titanic 2100 - rebooting
77.79.24.214,2,15/Sep/2013:21:54:00+0100,GET,KBDOC-00058.html,HTTP/1.0,200,1499,KBDOC-00058,MeeToo 1.0 - reboot
